MajorityAGI,FC_Phi,FC_Pi,,,
AT3G17790,-3.78523159,-7.125044823,,375,both >0
AT1G17710,0,-5.116457939,,3,phi>0 and pi<0
AT5G61030,0,-4.483988762,,7,phi<0 and pi>0
AT2G47840,0,-4.275359154,,234,both <0
AT5G43340,-2.657715797,-4.152967453,,256,phi=0 and pi<0
AT3G17880,-4.174059868,-3.706144333,,294,phi=0 and pi>0
AT5G44610,-2.343735695,-3.620604515,,102,phi>0 and pi=0
AT3G05500,-2.509278297,-3.364732742,,90,phi<0 and pi=0
AT1G78830,-3.574048042,-3.316422462,,,
AT4G12060,-4.196720123,-3.299891472,,,
AT2G38940,-0.875236511,-3.293600082,,,
AT2G17280,0,-2.99565506,,,
AT4G34920,-2.285618782,-2.843913078,,,
AT5G43370,-1.181341171,-2.699917793,,,
AT1G72880,0,-2.588453293,,,
AT1G65970,-1.722517014,-2.44965744,,,
AT3G47560,-2.317258835,-2.34838295,,,
AT3G08510,-1.351157188,-2.331851006,,,
AT1G56580,-3.159779549,-2.309306145,,,
AT3G12500,-2.72416687,-2.270281792,,,
AT3G51730,0,-2.262832642,,,
AT3G05630,0,-2.157209396,,,
AT2G46880,-2.299853325,-2.13842392,,,
AT1G62810,0,-2.132011414,,,
AT3G51980,-1.498940468,-2.033500671,,,
AT1G65260,0,-2.017230034,,,
AT4G02290,-1.331978798,-2.000049591,,,
AT4G01070,0,-1.930857658,,,
AT4G15210,-1.384513855,-1.925451279,,,
AT5G01220,0,-1.900650024,,,
AT2G42690,-1.031619072,-1.817672729,,,
AT4G34460,-1.681255341,-1.779279709,,,
AT5G14820,0,-1.779219627,,,
AT3G27620,0,-1.757701874,,,
AT1G58280,0,-1.746042252,,,
AT3G16240,-0.975174904,-1.691732407,,,
AT4G04040,-0.757771492,-1.635961533,,,
AT1G62380,-1.785200119,-1.630371094,,,
AT1G17745,-0.712147713,-1.587617874,,,
AT1G04710,-0.852955818,-1.562325478,,,
AT1G15230,-1.58437252,-1.556275368,,,
AT4G25100,-1.291680336,-1.554075241,,,
AT5G09440,-1.107549667,-1.540817261,,,
AT5G49690,-0.95802784,-1.498101234,,,
AT2G24940,-1.843383789,-1.484951973,,,
AT1G35720,-0.775579453,-1.470380783,,,
AT4G33030,-0.328601837,-1.455007553,,,
AT5G20400,-0.927875519,-1.453123093,,,
AT1G19570,-1.1746521,-1.431589127,,,
AT1G55480,0,-1.428809166,,,
AT5G51040,0,-1.424136162,,,
AT1G60730,-0.810889244,-1.423246384,,,
AT4G36350,-0.590860367,-1.408382416,,,
AT2G41380,0,-1.384866714,,,
AT4G01050,0,-1.377625465,,,
AT5G44130,-0.828613281,-1.370864868,,,
AT5G16230,-1.433016777,-1.354584694,,,
AT1G33780,-0.743583679,-1.340904236,,,
AT3G16850,0,-1.337575912,,,
AT2G27190,0,-1.321892738,,,
AT4G18810,0,-1.313825607,,,
AT3G07720,-1.074400902,-1.29838562,,,
AT4G24890,-0.349959373,-1.291636467,,,
AT2G39080,-1.30665493,-1.269109726,,,
AT3G22850,-1.115578651,-1.257950783,,,
AT5G39720,-0.737833023,-1.24783802,,,
AT5G63570,0,-1.245409966,,,
AT5G66040,-1.032262802,-1.236508369,,,
AT2G38740,-0.568620682,-1.236280441,,,
AT5G27520,0,-1.230376244,,,
AT1G02305,-1.264098167,-1.223593712,,,
AT5G41210,-0.845651627,-1.221831322,,,
AT3G02870,-0.640859604,-1.220216751,,,
AT5G13630,-0.969199181,-1.21859169,,,
AT5G11720,0,-1.213106155,,,
AT2G38760,0,-1.211771011,,,
AT3G52190,-0.256336212,-1.205898285,,,
AT2G18193,0,-1.200744629,,,
AT5G39730,-1.248994827,-1.198957443,,,
AT1G53280,-1.20229435,-1.19576931,,,
AT5G52882,-1.737215996,-1.194923401,,,
AT1G13750,-1.073292732,-1.19036293,,,
AT3G16190,0,-1.188516617,,,
AT5G19440,-0.666324615,-1.183683395,,,
AT5G64290,0,-1.178938866,,,
AT2G16060,-1.118499756,-1.167079926,,,
AT3G22370,-0.277118683,-1.160703659,,,
AT1G43800,-1.773478508,-1.156264305,,,
AT5G61820,-1.227073669,-1.155918121,,,
AT3G43190,-0.537715912,-1.148313522,,,
AT1G23140,-0.712073326,-1.146320343,,,
AT5G54770,0,-1.145292282,,,
AT1G72680,-1.000702858,-1.135400772,,,
AT5G20280,-0.815324783,-1.129188538,,,
AT4G14710,-0.70208931,-1.120772362,,,
AT3G53620,0,-1.118879318,,,
AT4G32940,-1.307721138,-1.113602638,,,
AT5G22460,0,-1.112539291,,,
AT4G38740,-1.063299179,-1.112142563,,,
AT3G14940,-0.602920532,-1.106699944,,,
AT2G30860,-0.551815033,-1.103712082,,,
AT4G27440,0,-1.099798203,,,
AT3G44880,-0.71131897,-1.09070015,,,
AT1G78680,0,-1.077920914,,,
AT4G18360,-0.818080902,-1.071844101,,,
AT1G33030,-1.446061134,-1.066534996,,,
AT4G11600,-0.921834946,-1.064714432,,,
AT4G38540,-0.600567818,-1.0645504,,,
AT5G04740,0,-1.056207657,,,
AT2G23600,0,-1.05150032,,,
AT1G75750,-1.435364723,-1.04453373,,,
AT4G21470,0,-1.037604332,,,
AT2G32920,0,-1.028209686,,,
AT3G55040,-0.598817825,-1.025808334,,,
AT1G20225,0,-1.016095161,,,
AT1G17170,-0.882188797,-1.007979393,,,
AT4G37370,0,-0.979678154,,,
AT1G12050,-0.654578209,-0.975790024,,,
AT4G38970,-0.560208321,-0.970190048,,,
AT2G30870,-0.404153824,-0.968597412,,,
AT2G03440,-1.154242516,-0.96856308,,,
AT4G11010,0,-0.966398239,,,
AT1G67090,0,-0.96258831,,,
AT5G12140,0,-0.954803467,,,
AT5G47860,-1.105946541,-0.953778267,,,
AT1G01710,0,-0.950642586,,,
AT5G19860,-1.148932457,-0.949575424,,,
AT4G19880,-0.489122391,-0.945295334,,,
AT4G31840,-1.923526764,-0.944302559,,,
AT3G44310,-0.935316086,-0.936088562,,,
AT1G48620,0,-0.934006691,,,
AT1G48030,0,-0.929813385,,,
AT4G13340,0,-0.929673195,,,
AT1G63270,0,-0.92742157,,,
AT5G03880,-0.753298759,-0.926049232,,,
AT1G27450,-1.034341812,-0.925822258,,,
AT5G14780,-0.59778595,-0.925409317,,,
AT1G60710,0,-0.91841507,,,
AT5G04590,0,-0.917821884,,,
AT2G45770,0,-0.908556938,,,
AT4G39730,-0.563940048,-0.90472126,,,
AT5G42850,-1.165791512,-0.901747704,,,
AT2G22420,-1.172764778,-0.898679733,,,
AT2G02130,0,-0.89289856,,,
AT3G23600,-0.596691132,-0.890561104,,,
AT4G14070,-0.452157974,-0.885475159,,,
AT4G39660,-0.469968796,-0.885055542,,,
AT5G16290,-0.522094727,-0.8819561,,,
AT2G21385,0,-0.881921768,,,
AT2G19080,0,-0.880270004,,,
AT2G39700,0,-0.877374649,,,
AT1G66240,-0.621715546,-0.876104355,,,
AT5G61410,-0.85707283,-0.876099586,,,
AT5G23060,0,-0.875497818,,,
AT3G23400,0,-0.868946075,,,
AT4G14570,0,-0.863929749,,,
AT3G21770,-0.459115982,-0.863040924,,,
AT3G56310,0,-0.86288929,,,
AT1G52540,0,-0.85362339,,,
AT4G12390,0,-0.851331711,,,
AT3G60750,-0.594503403,-0.846021652,,,
AT5G66120,0,-0.841068268,,,
AT4G23100,-0.550310135,-0.835798264,,,
AT3G01910,-0.674298286,-0.833909988,,,
AT3G56240,-0.837743759,-0.83297348,,,
AT5G02770,-0.951257706,-0.82370472,,,
AT4G35300,-0.646781921,-0.822672844,,,
AT4G22530,-0.644742012,-0.821055412,,,
AT3G04950,0,-0.820457458,,,
AT1G69840,0,-0.819763184,,,
AT5G43780,-0.410675049,-0.809175491,,,
AT5G51820,-0.241091728,-0.806025505,,,
AT5G16450,0,-0.802659988,,,
AT5G67590,0,-0.793715477,,,
AT1G20020,0,-0.791980743,,,
AT3G17840,-0.434519768,-0.7877388,,,
AT3G03520,-0.664528847,-0.784046173,,,
AT4G18480,0,-0.782509804,,,
AT5G62575,0,-0.78074646,,,
AT1G44790,0,-0.780319214,,,
AT5G19940,0,-0.779541969,,,
AT5G20080,-0.536632538,-0.777069092,,,
AT3G22200,-0.622125626,-0.776317596,,,
AT1G20620,0,-0.77567482,,,
AT1G07890,0,-0.774278641,,,
AT5G57850,-0.549220085,-0.771086693,,,
AT5G62740,0,-0.766623497,,,
AT3G55440,-0.736932755,-0.765024185,,,
AT1G78380,0,-0.764713287,,,
AT1G11910,-0.702135086,-0.752832413,,,
AT3G02630,0,-0.750624657,,,
AT5G64430,-0.849074364,-0.748794556,,,
AT2G06850,-2.616359711,-0.74763298,,,
AT3G14420,0,-0.74274826,,,
AT2G02390,0,-0.742076874,,,
AT3G51430,0,-0.740073204,,,
AT4G14430,0,-0.733032227,,,
AT1G75350,0,-0.730911255,,,
AT3G14990,-0.723518372,-0.728582382,,,
AT4G34640,-0.588859558,-0.727492332,,,
AT4G26620,0,-0.723818779,,,
AT2G43750,0,-0.718513489,,,
AT4G17870,0,-0.717820168,,,
AT3G57610,0,-0.717657089,,,
AT1G13440,-0.461345673,-0.716560364,,,
AT2G36390,0,-0.711526871,,,
AT2G42790,-0.858043671,-0.711159706,,,
AT3G14310,-0.294019699,-0.709339142,,,
AT3G23490,0,-0.702379227,,,
AT1G69830,0,-0.700731277,,,
AT5G51740,0,-0.695791245,,,
AT4G02280,0,-0.695616722,,,
AT5G60600,0,-0.694578171,,,
AT5G27600,-0.539356232,-0.693212509,,,
AT3G48170,-0.656463623,-0.693185806,,,
AT2G21170,0,-0.692745209,,,
AT3G48730,0,-0.68388176,,,
AT5G15640,0,-0.681882858,,,
AT5G12200,0,-0.68183136,,,
AT2G05710,-0.446977615,-0.678173065,,,
AT2G22250,0,-0.67490387,,,
AT2G03680,-0.915932655,-0.674856186,,,
AT5G18170,0,-0.673437119,,,
AT1G11840,-0.736156464,-0.669656754,,,
AT5G60360,-1.277556419,-0.665784836,,,
AT3G61540,0,-0.664506912,,,
AT2G35820,-0.523806572,-0.661794662,,,
AT3G20100,-0.672272682,-0.657737732,,,
AT5G23300,0,-0.657556534,,,
AT3G06860,-0.616392136,-0.657247543,,,
AT2G17120,0,-0.654178619,,,
AT3G11630,0,-0.654130936,,,
AT2G37760,-0.433311462,-0.652324677,,,
AT5G44240,0,-0.648539543,,,
AT2G29630,-0.19433403,-0.646254539,,,
AT3G10920,0,-0.645887375,,,
AT4G24190,-0.486148834,-0.644012451,,,
AT4G29010,0,-0.642484665,,,
AT1G78150,-0.649549484,-0.641699791,,,
AT2G15620,0,-0.640893936,,,
AT1G74210,-0.924251556,-0.637932777,,,
AT1G04410,0,-0.636116028,,,
AT1G74920,-0.511784554,-0.634753227,,,
AT1G35220,0,-0.633172989,,,
AT5G59970,0,-0.631185532,,,
AT1G21720,-0.655165672,-0.628604889,,,
AT4G24220,-0.461536407,-0.626948357,,,
AT5G11770,0,-0.620243073,,,
AT1G53310,0,-0.618192673,,,
AT2G36530,0,-0.616594315,,,
AT2G16430,0,-0.60824585,,,
AT2G44350,0,-0.607887268,,,
AT1G07180,0,-0.602920532,,,
AT4G14880,-0.465675354,-0.600984573,,,
AT1G15000,0,-0.599934578,,,
AT5G17230,0,-0.599273682,,,
AT1G63020,0.406850815,-0.598804474,,,
AT1G77510,-0.434467316,-0.597640991,,,
AT2G31670,0,-0.596879005,,,
AT1G04040,0,-0.592705727,,,
AT4G34180,-0.420850754,-0.592440605,,,
AT2G45790,-0.365476608,-0.590797424,,,
AT4G22010,0,-0.589977264,,,
AT2G43980,0,-0.588477135,,,
AT2G45290,-0.249671936,-0.588172913,,,
AT4G34350,-0.265071869,-0.5866642,,,
AT4G10040,-0.604841232,-0.583116531,,,
AT4G29060,0,-0.582492828,,,
AT2G21330,0,-0.577974319,,,
AT3G20390,-0.453416824,-0.577840805,,,
AT3G57560,0,-0.577498436,,,
AT4G09670,0,-0.576702118,,,
AT1G54340,-0.339922905,-0.574447632,,,
AT5G62790,0,-0.572506905,,,
AT5G18660,0,-0.572197914,,,
AT3G44300,-0.591478348,-0.566610336,,,
AT3G02875,0,-0.566302299,,,
AT1G30510,-0.940974236,-0.565169334,,,
AT3G06510,0,-0.564228058,,,
AT5G54080,0,-0.563865662,,,
AT3G54050,0,-0.561830521,,,
AT4G38220,0,-0.561060905,,,
AT3G53880,0,-0.560312271,,,
AT5G16710,-0.462893486,-0.560011864,,,
AT5G23050,-0.361595154,-0.557871819,,,
AT1G01470,0,-0.556762695,,,
AT5G40450,-0.597734451,-0.556192398,,,
AT1G69510,-1.138519287,-0.555483818,,,
AT4G34890,0,-0.554632187,,,
AT1G71040,-0.555608749,-0.554620743,,,
AT1G12780,-0.39008522,-0.554373741,,,
AT3G53560,-0.38160038,-0.550369263,,,
AT4G24830,0,-0.54850769,,,
AT1G17100,-0.445734978,-0.545399666,,,
AT5G58070,-0.683083534,-0.544521332,,,
AT2G27680,-0.292629242,-0.543366432,,,
AT5G20830,0,-0.542978287,,,
AT3G07480,-0.526274681,-0.542892456,,,
AT3G13930,0,-0.541904449,,,
AT2G32810,0,-0.5408535,,,
AT3G10410,-0.511465073,-0.540700912,,,
AT3G04880,-0.424287796,-0.538946152,,,
AT1G09780,0,-0.53881073,,,
AT3G57050,0,-0.537399292,,,
AT2G17190,-0.687124252,-0.536795616,,,
AT2G18960,0,-0.535526276,,,
AT5G53350,0,-0.535443306,,,
AT3G45770,-0.482254028,-0.535369873,,,
AT3G12780,0,-0.535171509,,,
AT2G39270,0,-0.531600952,,,
AT1G15140,0,-0.530902863,,,
AT2G20530,0,-0.530649185,,,
AT5G03650,-0.338785172,-0.527851105,,,
AT5G67500,0,-0.527338028,,,
AT5G08100,0,-0.527194977,,,
AT5G19180,0,-0.52699852,,,
AT2G37790,-0.778835297,-0.526130676,,,
AT3G55800,-0.238689423,-0.525444984,,,
AT5G12470,0,-0.524078369,,,
AT1G56340,-0.448135376,-0.522569656,,,
AT1G50480,-0.438756943,-0.519807816,,,
AT3G51840,-0.469799042,-0.519729614,,,
AT3G61260,-0.754688263,-0.518785477,,,
AT4G16155,0,-0.517251015,,,
AT4G17260,0,-0.517036438,,,
AT1G20630,-0.537075043,-0.51672554,,,
AT5G55480,0,-0.515756607,,,
AT5G41670,0,-0.515481949,,,
AT4G16210,0,-0.514537811,,,
AT3G26720,0,-0.514533043,,,
AT1G03860,0,-0.510065079,,,
AT1G67280,-0.55708313,-0.508213997,,,
AT4G37000,0,-0.505189896,,,
AT1G44820,-0.243649483,-0.503087997,,,
AT3G63520,0,-0.502389908,,,
AT3G45960,0,-0.500648499,,,
AT2G33150,-0.512781143,-0.49955368,,,
AT5G19760,-0.435338974,-0.499509811,,,
AT5G26570,0,-0.499387741,,,
AT1G49670,-0.435289383,-0.498819351,,,
AT5G65940,-0.503308296,-0.496740341,,,
AT2G31350,0,-0.496641159,,,
AT5G40870,0,-0.495652199,,,
AT4G30190,0,-0.493509293,,,
AT4G12130,-0.388332367,-0.493462563,,,
AT5G48440,0,-0.492904663,,,
AT4G26970,-0.242149353,-0.490823746,,,
AT5G65750,0,-0.486639023,,,
AT1G74470,-0.412289619,-0.486481667,,,
AT2G07698,0,-0.486240387,,,
AT3G10670,0,-0.485671043,,,
AT1G55890,0,-0.477495193,,,
AT3G16100,0,-0.474832535,,,
AT3G16170,-0.295200348,-0.473384857,,,
AT3G27380,-0.5182724,-0.472318649,,,
AT1G76140,0,-0.471971512,,,
AT2G26670,-0.402791023,-0.471121788,,,
AT3G13150,0,-0.470949173,,,
AT5G23120,-0.956798553,-0.468976021,,,
AT3G58750,-0.439962387,-0.466709137,,,
ATMG00480,0,-0.466053009,,,
AT2G29080,0,-0.465303421,,,
AT2G05990,0,-0.465211868,,,
AT4G13430,0,-0.465175629,,,
AT2G40840,-0.417640686,-0.460857391,,,
AT4G20850,-0.119630814,-0.457683563,,,
AT5G60160,0,-0.455425262,,,
AT2G25140,0,-0.455258369,,,
AT4G02340,0,-0.452073097,,,
AT3G62600,0,-0.451911926,,,
AT2G33040,0,-0.450374603,,,
AT5G16510,0,-0.449645996,,,
AT4G31990,0,-0.44786644,,,
AT1G17290,0,-0.446983337,,,
AT5G28540,-0.247472763,-0.4457798,,,
AT5G15450,0,-0.445692062,,,
AT3G55010,0,-0.445402145,,,
AT5G37830,-0.204753876,-0.444475174,,,
AT3G16910,-0.430959702,-0.443944931,,,
AT3G06960,0,-0.441384315,,,
AT1G31910,-0.484445572,-0.440139771,,,
AT3G18035,-0.386163712,-0.435780525,,,
AT2G17200,-0.33533287,-0.433826447,,,
AT4G29120,0,-0.430341721,,,
AT3G29320,-0.250074387,-0.427564621,,,
AT3G05970,-0.536726952,-0.427280426,,,
AT1G62820,-0.699138641,-0.42549324,,,
AT1G68760,0,-0.423476219,,,
AT3G63190,-0.655366898,-0.422418594,,,
AT5G58220,-0.338449478,-0.422287941,,,
AT5G27380,0,-0.421676636,,,
AT5G51830,-0.456023216,-0.421479225,,,
AT1G79440,0,-0.421234131,,,
AT5G48960,0,-0.419477463,,,
AT1G24180,0,-0.419424057,,,
AT5G10730,-0.284449577,-0.417023659,,,
AT3G18820,-0.362033844,-0.416324615,,,
AT5G11520,-0.436509132,-0.406796455,,,
ATMG00510,0.182155609,-0.406755447,,,
AT3G14920,-0.207562447,-0.402626038,,,
AT5G66190,-0.324227333,-0.402287483,,,
AT1G50940,0,-0.40141964,,,
AT2G31390,-0.421998978,-0.399497986,,,
AT1G31230,0,-0.397924423,,,
AT3G02880,0,-0.397567749,,,
AT5G08690,0,-0.396497726,,,
AT5G13610,0,-0.394883156,,,
AT4G39080,0,-0.392116547,,,
AT2G44530,0,-0.387527466,,,
AT5G13490,0,-0.387327194,,,
AT3G61440,-0.273353577,-0.384511948,,,
AT5G09590,0,-0.384262085,,,
AT5G66860,0,-0.383069992,,,
AT1G75330,0,-0.381462097,,,
AT3G17240,-0.19519043,-0.381074905,,,
AT1G77120,-0.381275177,-0.380884171,,,
AT3G56460,-0.365089417,-0.380235672,,,
AT5G57890,0.330587387,-0.374911308,,,
AT3G06050,-0.400382996,-0.369289398,,,
AT2G39730,0,-0.368505478,,,
AT4G02570,0,-0.368488312,,,
AT4G29840,0,-0.363039017,,,
AT3G17390,0,-0.363002777,,,
AT4G16800,0,-0.362218857,,,
AT1G71440,0,-0.35746479,,,
AT3G48000,0,-0.356861115,,,
AT5G26780,0,-0.356801987,,,
AT2G17390,-0.357769012,-0.356687546,,,
AT1G79690,0,-0.353132248,,,
AT5G20990,0,-0.351173401,,,
AT4G24620,0,-0.35027504,,,
AT3G01390,0,-0.346791267,,,
AT4G33010,0,-0.344612122,,,
AT2G41790,0,-0.342702866,,,
AT1G63940,-0.22977066,-0.341686249,,,
AT3G01520,-0.198645592,-0.340195656,,,
AT1G59900,0,-0.338178635,,,
AT2G04650,0,-0.337099075,,,
AT5G65620,0,-0.336391449,,,
AT3G58140,0,-0.335784912,,,
AT4G39690,0,-0.334768295,,,
AT4G12730,0,-0.334638596,,,
AT3G58730,0,-0.333137512,,,
AT4G38510,0,-0.332081795,,,
AT3G12290,0,-0.331338882,,,
AT4G08770,-0.520606995,-0.329799652,,,
AT3G48680,0,-0.32840538,,,
AT5G12040,0,-0.32521534,,,
AT4G33070,0,-0.323547363,,,
AT1G60420,0,-0.322629929,,,
AT2G01350,0,-0.322164536,,,
AT3G51550,0,-0.319452286,,,
AT4G35630,0,-0.318592072,,,
AT3G14110,0,-0.315662384,,,
AT1G31160,0,-0.311632156,,,
AT3G59760,0,-0.309822083,,,
AT1G15390,0,-0.306354523,,,
AT3G12490,-0.419393539,-0.305761337,,,
AT3G12260,0,-0.305639267,,,
AT5G13420,0,-0.30557251,,,
AT3G21110,0,-0.305110931,,,
AT4G35090,-0.429653168,-0.301998138,,,
AT3G23940,0,-0.291259766,,,
AT1G78900,0,-0.289213181,,,
AT2G21410,0,-0.28834343,,,
AT2G25970,-0.418165207,-0.276325226,,,
AT2G33220,0,-0.275918961,,,
AT1G79230,-0.401874542,-0.268634796,,,
AT1G21750,0,-0.267803192,,,
AT2G16640,0,-0.262248039,,,
AT3G12800,-0.222066879,-0.259033203,,,
AT5G08280,-0.263528824,-0.256654739,,,
AT1G79500,-0.269314766,-0.254088402,,,
AT4G35000,-0.218416214,-0.2539711,,,
AT5G11880,0,-0.253011703,,,
AT1G15130,-0.287097931,-0.241197586,,,
AT5G56500,0,-0.226190567,,,
AT5G42740,0,-0.223167419,,,
AT3G03250,-0.317695618,-0.222793579,,,
AT2G01140,0,-0.221508026,,,
AT4G12420,0,-0.220331192,,,
AT5G64460,-0.556317329,-0.219362259,,,
AT5G17070,0,-0.21708107,,,
AT5G09810,0,-0.20157814,,,
AT4G33090,-0.257133484,-0.199388504,,,
AT5G66760,-0.327764511,-0.197538376,,,
AT5G62530,0,-0.187608719,,,
AT4G39260,-0.392614365,-0.185264587,,,
AT2G30970,-0.178262711,-0.160299301,,,
AT1G24360,-0.235534668,-0.123929977,,,
AT3G45970,0,-0.107803345,,,
AT2G44310,-0.352890968,-0.090712547,,,
AT3G19170,0,-0.080524445,,,
AT4G38930,3.457116127,0,,,
AT1G04680,2.919971466,0,,,
AT5G53800,2.633739471,0,,,
AT4G08960,2.288689613,0,,,
AT1G65700,2.125724792,0,,,
AT3G15351,2.020118713,0,,,
AT4G21990,2.002705574,0,,,
AT2G25870,1.697043419,0,,,
AT1G62180,1.642879486,0,,,
AT5G13410,1.630937576,0,,,
AT3G49660,1.514572144,0,,,
AT5G43760,1.50705719,0,,,
AT1G36370,1.321185112,0,,,
AT4G14360,1.044287682,0,,,
AT1G25570,1.020815849,0,,,
AT2G03230,0.965369225,0,,,
AT2G47990,0.928448677,0,,,
AT4G02520,0.893648148,0,,,
AT4G30930,0.880799294,0,,,
AT4G08850,0.854692459,0,,,
AT4G34230,0.834524155,0,,,
AT4G32285,0.815476418,0,,,
AT5G53470,0.805692673,0,,,
ATCG00470,0.772117615,0,,,
AT5G23900,0.741321564,0,,,
AT1G35140,0.725222588,0,,,
AT2G26680,0.668162346,0,,,
AT3G52660,0.647294044,0,,,
AT3G16110,0.632944107,0,,,
AT1G12140,0.630591393,0,,,
AT2G38250,0.624792099,0,,,
AT5G27450,0.616950035,0,,,
AT1G29470,0.613264084,0,,,
AT5G50380,0.610955238,0,,,
AT5G61240,0.592139244,0,,,
AT2G20060,0.58211422,0,,,
AT1G45332,0.581651688,0,,,
AT5G05990,0.580703735,0,,,
AT1G71780,0.572753906,0,,,
AT5G46160,0.560454369,0,,,
AT1G31730,0.560264587,0,,,
AT4G15640,0.554449081,0,,,
AT1G26850,0.552770615,0,,,
AT5G44720,0.547674179,0,,,
AT2G20800,0.530757904,0,,,
AT5G65770,0.511958122,0,,,
AT2G38610,0.485933304,0,,,
AT1G30620,0.481994629,0,,,
ATCG00500,0.474998474,0,,,
AT4G29900,0.470294952,0,,,
AT1G60770,0.463409424,0,,,
AT5G27850,0.462190628,0,,,
AT3G29200,0.460557938,0,,,
AT1G23820,0.456344604,0,,,
AT1G62830,0.444615364,0,,,
AT3G07160,0.443621635,0,,,
AT1G52260,0.433044434,0,,,
AT1G27090,0.431186676,0,,,
AT5G49910,0.430143356,0,,,
AT3G62870,0.414815903,0,,,
AT4G32605,0.402451515,0,,,
AT3G49240,0.397632599,0,,,
AT4G02820,0.39544487,0,,,
AT1G43700,0.395153999,0,,,
AT1G77470,0.394177437,0,,,
AT3G25140,0.390174866,0,,,
AT2G37230,0.389677048,0,,,
AT3G61130,0.38949585,0,,,
AT5G40480,0.381940842,0,,,
AT1G64880,0.379594803,0,,,
AT2G22125,0.376982689,0,,,
AT1G03330,0.373475075,0,,,
AT1G44900,0.366762161,0,,,
AT2G42910,0.35150528,0,,,
AT4G24280,0.34797287,0,,,
AT4G01100,0.342288971,0,,,
AT2G41840,0.333280563,0,,,
ATCG00120,0.328901291,0,,,
AT1G04690,0.324838638,0,,,
AT5G09450,0.321650505,0,,,
AT3G62530,0.315519333,0,,,
AT4G00900,0.30583477,0,,,
AT5G47910,0.29870224,0,,,
AT2G15690,0.295052528,0,,,
AT1G76860,0.293526649,0,,,
AT5G37510,0.285715103,0,,,
AT2G24490,0.285144806,0,,,
AT1G49820,0.284738541,0,,,
AT2G41740,0.282680511,0,,,
AT5G66680,0.275934219,0,,,
AT5G08080,0.268418312,0,,,
AT4G00740,0.262817383,0,,,
AT2G38040,0.256069183,0,,,
AT3G59650,0.240763664,0,,,
AT3G17910,0.225851059,0,,,
AT2G03510,0.221382141,0,,,
AT2G14120,0.213996887,0,,,
AT1G07210,0.200764656,0,,,
AT5G47320,0.187244415,0,,,
AT3G23990,0.168941498,0,,,
AT3G20000,0.158828735,0,,,
AT3G57330,0.147226334,0,,,
AT3G52930,-0.163738251,0,,,
AT3G20630,-0.164463043,0,,,
AT2G02560,-0.167816162,0,,,
AT1G15500,-0.176324844,0,,,
AT3G53750,-0.20432663,0,,,
AT4G35830,-0.21068573,0,,,
AT3G17940,-0.232831955,0,,,
AT1G16890,-0.263473511,0,,,
AT3G52990,-0.283880234,0,,,
AT1G12000,-0.30663681,0,,,
AT2G43940,-0.338158607,0,,,
AT2G28290,-0.342331886,0,,,
AT4G20960,-0.353557587,0,,,
AT5G44340,-0.354791641,0,,,
AT1G23740,-0.356019974,0,,,
AT2G20490,-0.356059074,0,,,
AT3G57410,-0.357320786,0,,,
AT4G23430,-0.360585213,0,,,
AT3G56070,-0.36696434,0,,,
AT2G07340,-0.370094299,0,,,
AT2G25270,-0.37178421,0,,,
AT5G46290,-0.37833786,0,,,
AT2G38550,-0.389728546,0,,,
AT3G63170,-0.405209541,0,,,
AT3G08640,-0.414702415,0,,,
AT5G48480,-0.424718857,0,,,
AT2G21250,-0.426088333,0,,,
AT3G48990,-0.433664322,0,,,
AT4G39150,-0.439878464,0,,,
AT4G01150,-0.443021774,0,,,
AT4G34870,-0.456552505,0,,,
AT1G65980,-0.489408493,0,,,
AT5G21105,-0.495410919,0,,,
AT5G08300,-0.496513367,0,,,
AT2G19760,-0.511195183,0,,,
AT5G57330,-0.511893272,0,,,
AT4G20260,-0.513034821,0,,,
AT5G49930,-0.518204689,0,,,
AT4G39680,-0.520724297,0,,,
AT5G13520,-0.531272888,0,,,
AT5G09650,-0.533679962,0,,,
AT4G02610,-0.538919449,0,,,
AT4G11740,-0.550439835,0,,,
AT3G50360,-0.593741417,0,,,
AT4G05390,-0.634057999,0,,,
AT4G15940,-0.636624336,0,,,
AT4G28250,-0.647632599,0,,,
AT3G26060,-0.658912659,0,,,
AT4G35100,-0.659823418,0,,,
AT1G41830,-0.690891266,0,,,
AT2G03870,-0.691348076,0,,,
AT5G38470,-0.729076385,0,,,
AT2G32520,-0.73573494,0,,,
AT3G28940,-0.74801445,0,,,
AT1G09210,-0.748342514,0,,,
AT1G74040,-0.754252434,0,,,
AT3G11780,-0.774960518,0,,,
AT2G15860,-0.782892227,0,,,
AT3G53970,-0.787769318,0,,,
AT1G51390,-0.823478699,0,,,
AT1G31812,-0.835079193,0,,,
AT5G21274,-0.855848312,0,,,
AT2G45820,-0.913895607,0,,,
AT1G21630,-0.922235489,0,,,
AT5G42890,-0.926226616,0,,,
AT3G15690,-0.931840897,0,,,
AT4G33670,-0.932881355,0,,,
AT3G20380,-1.020476341,0,,,
AT5G40370,-1.048503876,0,,,
AT2G39130,-1.053872108,0,,,
AT1G76180,-1.053987503,0,,,
AT2G37130,-1.076477051,0,,,
AT3G05290,-1.099110603,0,,,
AT4G03520,-1.108264923,0,,,
AT3G17210,-1.133556366,0,,,
AT5G01210,-1.133973122,0,,,
AT4G30270,-1.146244049,0,,,
AT2G43710,-1.208520889,0,,,
AT3G05020,-1.292934418,0,,,
AT2G21060,-1.352944374,0,,,
AT5G43060,-1.409405708,0,,,
AT3G08030,-1.421032906,0,,,
AT4G39090,-1.449670792,0,,,
AT5G08380,-1.666998863,0,,,
AT2G47400,-1.733095169,0,,,
AT2G21640,-1.821393013,0,,,
AT3G54826,-1.959292412,0,,,
AT1G08980,-2.29197216,0,,,
AT5G11710,-2.626851082,0,,,
AT1G73080,-4.808195114,0,,,
AT4G37910,0.291070938,0.138647079,,,
AT5G49880,0,0.146912575,,,
AT3G54470,0,0.14768219,,,
AT1G67730,0,0.168662071,,,
AT3G18860,0,0.182626724,,,
AT3G55380,0.164216042,0.187925339,,,
AT2G27860,0.309459686,0.191242218,,,
AT3G48870,0,0.209197998,,,
AT4G27500,0.238231659,0.211872101,,,
AT5G26360,0,0.215795517,,,
AT5G56030,0,0.215875626,,,
AT5G56680,0.099107742,0.224645615,,,
AT3G04600,0.159656525,0.228849411,,,
AT3G25230,0,0.231973648,,,
AT3G02260,0,0.232450485,,,
AT3G51460,0,0.233605385,,,
AT1G43890,0,0.2377491,,,
AT5G01410,0,0.251544952,,,
AT4G35790,0,0.254003525,,,
AT1G59610,0.274723053,0.254615784,,,
AT5G06460,0,0.258737564,,,
AT1G76810,0,0.263309479,,,
AT2G30490,0.679721832,0.265205383,,,
AT3G02530,0,0.26940918,,,
AT5G38830,0.212339401,0.271289825,,,
AT5G26667,-0.314437866,0.271457672,,,
AT5G52640,0.363618851,0.273210526,,,
AT5G42080,0.212032318,0.273521423,,,
AT3G44890,0,0.280384064,,,
AT3G63460,0,0.281425476,,,
AT2G21390,0,0.291017532,,,
AT4G24940,0,0.293485641,,,
AT1G43170,0.348707199,0.295358658,,,
AT4G26870,0,0.305003166,,,
AT1G20200,0.290397644,0.305446625,,,
AT5G46070,0.186275482,0.306179047,,,
AT4G00390,0,0.309309959,,,
AT5G25100,0.421840668,0.312473297,,,
AT1G22410,0.85982132,0.313111305,,,
AT5G16620,0,0.314866066,,,
AT4G23850,0.341453552,0.315450668,,,
AT1G79280,0.296445847,0.315790176,,,
AT5G20920,0,0.315944672,,,
AT1G77550,0.224824905,0.31671524,,,
AT5G20200,0,0.31952095,,,
AT3G57290,0,0.319726944,,,
AT3G12050,0,0.320747375,,,
AT3G19820,0.297465324,0.322737694,,,
AT4G14160,0,0.322809219,,,
AT3G62250,-0.347633362,0.324588776,,,
AT1G45000,0,0.32460022,,,
AT4G34110,0,0.325035095,,,
AT1G29880,0,0.328220367,,,
AT2G36850,0.35381031,0.330296516,,,
AT1G64980,0.446674347,0.331754684,,,
AT1G11890,0,0.332745552,,,
AT4G22670,0,0.332868576,,,
AT4G33400,0,0.333655357,,,
AT3G55430,0,0.336324692,,,
AT5G12210,0,0.340354919,,,
AT1G14610,0,0.344806671,,,
AT4G26110,0.512327194,0.350336075,,,
AT2G26060,0,0.3531847,,,
AT5G35160,0,0.354391098,,,
AT3G53230,-0.257082939,0.359693527,,,
AT3G13300,0.27139473,0.359804153,,,
AT1G14830,0.441480637,0.360525131,,,
AT1G64520,0,0.361894608,,,
AT3G10650,0,0.362827301,,,
AT3G59020,0.323832512,0.363583565,,,
AT3G48930,0,0.368797302,,,
AT1G01510,0.546753883,0.370640755,,,
AT2G33470,0,0.371171951,,,
AT1G80070,0.334518433,0.372722626,,,
AT4G39280,0,0.373976707,,,
AT5G57655,0,0.374382973,,,
AT3G10690,0.394052505,0.382358551,,,
AT4G08520,0,0.384661674,,,
AT1G14850,0.23884964,0.384836197,,,
AT4G13940,0,0.387708664,,,
AT3G19420,0,0.389022827,,,
AT5G67630,0.393541336,0.38927269,,,
AT1G36310,0,0.38932991,,,
AT5G27620,0.308224678,0.390248299,,,
AT4G38400,0.177576065,0.390487671,,,
AT1G80410,0.161275864,0.390800476,,,
AT5G60730,0.371478081,0.392860413,,,
AT3G20050,0,0.393033981,,,
AT4G05420,0,0.39511013,,,
AT4G23730,0.415912628,0.395136833,,,
AT5G35700,0,0.397677422,,,
AT3G03960,0.242610931,0.397941589,,,
AT5G05780,0,0.398527145,,,
AT4G33520,0.579494476,0.401753426,,,
AT4G25210,0.172858238,0.40184021,,,
AT5G30510,0.402649879,0.401856422,,,
AT2G46900,0,0.403704643,,,
AT3G19760,0,0.406608582,,,
AT2G35720,0.377868652,0.407405853,,,
AT1G27760,0.401240349,0.407527924,,,
AT2G34040,0,0.411062241,,,
AT3G62360,0.325302124,0.412023544,,,
AT2G38580,0.430608749,0.41374588,,,
AT4G28470,0.333469391,0.415390968,,,
AT4G33945,0.591686249,0.415411949,,,
AT2G41620,0,0.41868782,,,
AT2G30110,0,0.42029953,,,
AT4G01395,0.426101685,0.42156601,,,
AT3G63130,0.361362457,0.422718048,,,
AT1G35620,0,0.422951698,,,
AT1G30580,0.197107315,0.424402237,,,
AT5G26340,0.242673874,0.424886703,,,
AT3G13570,0,0.426034927,,,
AT4G31790,0,0.426787376,,,
AT5G12410,0,0.427898407,,,
AT5G53460,0.216363907,0.427988052,,,
AT2G29550,0,0.429368973,,,
AT1G55310,0,0.43002224,,,
AT4G14960,0,0.430526733,,,
AT5G59290,0,0.431497574,,,
AT2G32240,0.438486099,0.433273315,,,
AT1G18150,0.908724785,0.437034607,,,
AT2G30060,0,0.441560745,,,
AT1G50370,0,0.443328857,,,
AT5G13010,0,0.443378448,,,
AT4G31210,0,0.445383072,,,
AT3G46040,0,0.450927734,,,
AT1G14650,0,0.451522827,,,
AT1G06900,0,0.451625824,,,
AT4G24490,0,0.452039719,,,
AT4G37210,0,0.455335617,,,
AT5G19485,0,0.456110001,,,
AT2G42810,0,0.456705093,,,
AT2G23350,0,0.45781517,,,
AT2G13540,0.243515015,0.459688187,,,
AT3G60960,0,0.462259293,,,
AT3G51800,0,0.463094711,,,
AT5G56950,0.370256424,0.466640472,,,
AT3G07100,0.252075195,0.467960358,,,
AT4G09800,0,0.468244553,,,
AT3G16050,0.410560608,0.47086525,,,
AT5G50320,0,0.47125721,,,
AT5G18380,0.300428391,0.471837997,,,
AT1G49970,0.520392418,0.473718643,,,
AT5G25250,0,0.474966049,,,
AT4G35800,0.274235725,0.475035667,,,
AT2G33340,0.409316063,0.476840019,,,
AT1G04810,0,0.477894783,,,
AT3G44110,0,0.481033325,,,
AT4G29410,0,0.481349945,,,
AT4G37870,0,0.481773376,,,
AT3G13990,0,0.484375,,,
AT1G66070,0,0.484690666,,,
AT1G03360,0.625500679,0.485630035,,,
AT5G45775,0.523433685,0.485765457,,,
AT2G20630,0.407323837,0.485794067,,,
AT4G24330,0.556250572,0.486454964,,,
AT3G56340,0,0.486700058,,,
AT3G03920,0,0.488559723,,,
AT3G49430,0.412490845,0.488664627,,,
AT2G33410,0,0.489681244,,,
AT2G46280,0.357913971,0.492248535,,,
AT3G12640,0,0.4923563,,,
AT2G33840,0,0.492806435,,,
AT5G15980,0.639024734,0.493556976,,,
AT1G80270,0.683850288,0.494023323,,,
AT4G10320,0,0.49423027,,,
AT5G37720,0,0.497174263,,,
AT1G63050,0,0.497274399,,,
AT3G14790,0.339063644,0.497550964,,,
AT2G16940,0,0.497719765,,,
AT1G63660,0.420610428,0.498214722,,,
AT1G80930,0.444635391,0.4986763,,,
AT2G15430,0.271208763,0.499943733,,,
AT1G63500,0,0.500211716,,,
AT4G12650,0,0.500461578,,,
AT3G05060,0.47130394,0.503229141,,,
AT5G53170,0.408364296,0.503354073,,,
AT3G56150,0.56211853,0.503660202,,,
AT3G23300,0.58423233,0.506931305,,,
AT1G24510,0,0.507785797,,,
AT5G36890,0,0.508794785,,,
AT4G28440,0.4933815,0.509147644,,,
AT1G48900,0.509389877,0.509336472,,,
AT5G05620,0.545759201,0.509764671,,,
AT1G56110,0.385885239,0.510240555,,,
AT3G11830,0,0.510259628,,,
AT5G18700,-0.235129356,0.512536049,,,
AT5G62700,0,0.515203476,,,
AT4G19120,1.039243698,0.515270233,,,
AT1G61730,0.540484428,0.516078949,,,
AT3G04400,0.284244537,0.517482758,,,
AT4G11160,0.44134903,0.517753601,,,
AT5G11200,0.400054932,0.519590378,,,
AT3G04230,0,0.520123482,,,
AT5G64960,0.364925385,0.520858765,,,
AT2G27970,0,0.523415565,,,
AT5G06870,0,0.524359703,,,
AT3G42660,0.814826012,0.526099205,,,
AT5G57020,0,0.528701782,,,
AT4G22150,0,0.530073166,,,
AT5G58230,0,0.530317307,,,
AT5G16840,0,0.535092354,,,
AT5G51200,0,0.536331177,,,
AT1G43190,0.249707222,0.537250519,,,
AT5G25757,0.561468124,0.5376091,,,
AT4G21110,0,0.540834427,,,
AT2G01250,0.289474487,0.541887283,,,
AT3G50370,0,0.543416023,,,
AT2G18020,0.479333878,0.544675827,,,
AT5G67220,0,0.544898987,,,
AT5G61970,0,0.546923637,,,
AT2G39260,0,0.54913044,,,
AT1G06220,0,0.549500465,,,
AT1G73250,0.573945999,0.549782753,,,
AT3G16310,0,0.549915314,,,
AT1G60080,0.367881775,0.552633286,,,
AT2G39020,0,0.552804947,,,
AT2G15790,0,0.553411484,,,
AT3G16640,0.537147522,0.553596497,,,
AT3G22230,0.530275345,0.555053711,,,
AT1G63210,0.417989731,0.555070877,,,
AT4G25340,0.500291824,0.559829712,,,
AT2G38770,0.474357605,0.56038475,,,
AT3G52580,0.579911232,0.560578346,,,
AT5G52040,0,0.561303139,,,
AT5G14170,0.530448914,0.563360214,,,
AT5G35530,0.55163765,0.56508255,,,
AT3G09200,0.606554031,0.569969177,,,
AT2G27100,0,0.570755005,,,
AT4G02840,0,0.572214127,,,
AT3G22320,0.774674416,0.573781013,,,
AT4G15790,0,0.573986053,,,
AT1G50670,0.462562561,0.574157715,,,
AT5G22060,0,0.574959755,,,
AT1G04510,0,0.575696945,,,
AT1G74060,0,0.576374054,,,
AT1G79930,0,0.576953888,,,
AT1G51710,0,0.577215195,,,
AT5G19320,0.370409012,0.577297211,,,
AT5G37630,0,0.578796387,,,
AT5G57870,0,0.579660416,,,
AT5G25060,0,0.580492973,,,
AT4G33110,0.725551605,0.580842018,,,
AT3G18790,0.400797844,0.580872536,,,
AT3G46940,0.396465302,0.582595825,,,
AT3G55750,0.458551407,0.584075928,,,
AT1G44910,0,0.584605217,,,
AT2G27530,0,0.584606171,,,
AT4G14350,0.666737556,0.586202621,,,
ATCG00540,0.423505783,0.586580276,,,
AT4G34555,0,0.586712837,,,
AT1G14710,0.769189835,0.588671684,,,
AT3G62940,0.581542015,0.589165688,,,
AT5G05470,0,0.58987999,,,
AT4G11420,0.479808807,0.590099335,,,
AT3G12390,0,0.590684891,,,
AT5G04800,0,0.592569351,,,
AT2G22400,0,0.593849182,,,
AT5G24710,0.713018417,0.596205711,,,
AT3G49010,0.535657883,0.596328735,,,
AT4G39320,2.654475212,0.596985817,,,
AT2G38560,0.534993172,0.600605965,,,
AT3G22330,0.553911209,0.603473663,,,
AT3G61240,0.296061516,0.606070518,,,
AT1G29370,0,0.606362343,,,
AT1G79090,0.394093513,0.607959747,,,
AT2G34480,0.563266754,0.608053207,,,
AT3G59990,0,0.609704018,,,
AT3G60240,0,0.610649109,,,
AT3G16940,0.367196083,0.61208725,,,
AT1G48410,0,0.613965988,,,
AT5G47180,0.508388519,0.615672112,,,
AT5G22480,0.429438591,0.618785858,,,
AT3G09440,0.456012726,0.620351791,,,
AT4G24270,0.354902267,0.620842934,,,
AT2G27600,0,0.622955322,,,
AT5G28060,0,0.624616623,,,
AT5G39740,0.661748886,0.625297546,,,
AT4G23620,0.46522522,0.625425339,,,
AT1G79990,0.531484604,0.625981331,,,
AT4G20980,0,0.626838684,,,
AT5G37475,0.411681175,0.627043724,,,
AT4G27000,0,0.628344536,,,
AT5G37770,1.228838921,0.635396004,,,
AT5G28740,0,0.63569355,,,
AT3G04840,0.38366127,0.636449814,,,
AT1G75780,0.303165436,0.638029099,,,
AT5G10360,0,0.643602371,,,
AT5G54380,1.086948395,0.645979881,,,
AT3G02080,0,0.646791458,,,
AT3G52140,0.341594696,0.64799118,,,
AT3G11950,0,0.648639679,,,
AT1G04750,0,0.650369644,,,
AT4G34050,1.502319336,0.650476456,,,
AT5G64120,0,0.6513834,,,
AT5G26680,0,0.651666641,,,
AT3G53500,0,0.652008057,,,
AT1G15860,0,0.652817726,,,
AT3G55220,0.508892059,0.654388428,,,
AT5G14580,0,0.654709816,,,
AT1G75200,0.430354118,0.655478477,,,
AT3G11510,0.473514557,0.655630112,,,
AT4G28480,0,0.657097816,,,
AT1G31070,0.519127846,0.660960197,,,
AT5G19300,0.327793121,0.661810875,,,
AT4G33650,0.320128441,0.663020134,,,
AT3G09300,0,0.663150787,,,
AT5G15200,0.474498749,0.666118622,,,
AT1G02690,0,0.667976379,,,
AT1G71840,0.408139229,0.668831825,,,
AT1G67680,0.451743126,0.670265198,,,
AT4G02720,0.743070602,0.670550346,,,
AT1G02780,0,0.673257828,,,
AT1G63160,0,0.675739288,,,
AT1G19880,0,0.675978661,,,
AT4G34150,0,0.677454948,,,
AT3G09840,0.241348267,0.677984238,,,
AT2G17510,0.525218964,0.679431915,,,
AT2G23070,0.682531357,0.681390762,,,
AT3G62010,0,0.685934067,,,
AT1G10840,0.652467728,0.687031746,,,
AT1G49760,0,0.687963486,,,
AT1G04080,0,0.689511299,,,
AT4G00930,0,0.691034317,,,
AT5G42540,0,0.691902161,,,
AT5G48930,1.004788399,0.693231583,,,
AT5G39550,0,0.693551064,,,
AT3G51670,0.255494118,0.695365906,,,
AT3G18610,0,0.695607185,,,
AT2G06990,0,0.699090958,,,
AT5G06320,0.401076317,0.701529503,,,
AT4G00752,0,0.702665329,,,
AT1G62390,0.439361572,0.707221031,,,
AT4G18040,0,0.707537651,,,
AT4G24680,0,0.709524155,,,
AT2G45710,0.492168427,0.712408066,,,
AT1G03110,0.560072899,0.712705612,,,
AT2G31610,0,0.713310242,,,
AT1G12920,0.5272789,0.717300415,,,
AT3G53520,0.418937683,0.719654083,,,
AT3G12400,0,0.722805023,,,
AT5G18620,0.511594772,0.723449707,,,
AT3G58510,0.287326813,0.725603104,,,
AT5G20890,0.373247147,0.725873947,,,
AT3G49720,0.767933846,0.728253365,,,
AT2G44120,0.555131912,0.728481293,,,
AT5G58590,0,0.730494499,,,
AT5G40490,0,0.732046127,,,
AT5G27030,0,0.735254288,,,
AT5G27640,0.538808823,0.740192413,,,
AT4G01850,0,0.743257523,,,
AT5G02870,0.535730362,0.743412018,,,
AT1G07360,0,0.744175911,,,
AT1G72370,0.463157654,0.746147156,,,
AT3G58560,0,0.74737072,,,
AT3G53430,0.594125748,0.748212814,,,
AT5G27770,0.375074387,0.749944687,,,
AT3G25520,0.759670258,0.750572205,,,
AT5G08610,0,0.750758171,,,
AT5G26742,0.297644615,0.752351761,,,
AT1G25211,0.669219971,0.752928734,,,
AT5G23860,0,0.753103256,,,
AT5G02500,0,0.754032135,,,
AT4G18100,0,0.754117966,,,
AT5G38890,0,0.755730629,,,
AT2G12550,0.701090813,0.756789207,,,
AT2G31660,0.487848282,0.757307053,,,
AT3G09630,0.519563675,0.757587433,,,
AT5G20950,0.442382813,0.757688522,,,
AT2G36200,0,0.760070801,,,
AT1G28110,-1.019208908,0.764510155,,,
AT5G24810,0.374691963,0.766704559,,,
AT1G52730,0,0.768538475,,,
AT5G07090,0.550676346,0.769681931,,,
AT5G62410,0,0.769888878,,,
AT1G51630,0.917047501,0.771286964,,,
AT4G27060,0,0.772453308,,,
AT2G21580,0,0.774433136,,,
AT3G05560,0.425947189,0.779485703,,,
AT5G18420,0,0.779528618,,,
AT4G31160,0.810843468,0.780306816,,,
AT5G47210,0,0.78216362,,,
AT1G02840,0,0.782838821,,,
AT5G43960,0,0.78353405,,,
AT3G19910,0,0.784601212,,,
AT1G26110,0,0.786234856,,,
AT5G36230,0.667896271,0.788215637,,,
AT1G16190,0,0.789124489,,,
AT2G39990,0,0.791044235,,,
AT1G11260,0.646489143,0.794927597,,,
AT5G12110,0,0.795127869,,,
AT1G50840,0,0.799348831,,,
AT1G13220,0,0.801868439,,,
AT3G18000,0,0.802947998,,,
AT4G19210,0.561751366,0.803067207,,,
AT3G24830,0.727466583,0.803672791,,,
AT2G23930,0.870089531,0.803714752,,,
AT1G75660,0,0.805689812,,,
AT1G70310,0,0.80712986,,,
AT5G20490,0.755417824,0.808916092,,,
AT5G50840,1.153098106,0.809966087,,,
AT1G03140,0,0.811810493,,,
AT3G48425,0,0.816133499,,,
AT1G33140,0.779714584,0.8163414,,,
AT3G49910,0.46995163,0.823352814,,,
AT5G09420,1.068572998,0.824617386,,,
AT5G54870,0,0.825037956,,,
AT5G45750,0.36041832,0.826278687,,,
AT3G20290,0,0.828752518,,,
AT5G53620,0.535005569,0.830097198,,,
AT1G60900,0,0.832193375,,,
AT3G62310,0.450541496,0.832720757,,,
AT1G32490,0.653662682,0.834830284,,,
AT3G07320,0,0.849246979,,,
AT1G04430,0.724935532,0.851797104,,,
AT1G63130,1.092123985,0.85310173,,,
AT3G61820,0.856548309,0.853284836,,,
AT1G78850,-0.633104324,0.855311394,,,
AT2G38870,0.774972916,0.859498024,,,
AT2G44450,-1.000837326,0.860109329,,,
AT1G04870,0.566610336,0.860151291,,,
AT3G07110,0.735656738,0.862142563,,,
AT2G04520,0.583678246,0.862685204,,,
AT1G33590,0,0.863634109,,,
AT4G29510,0.451210022,0.869407654,,,
AT2G41500,0,0.87310791,,,
AT2G20450,0.484331131,0.877836227,,,
AT5G35430,0.401439667,0.879320145,,,
AT1G48090,0,0.882341385,,,
AT1G63180,0.58781147,0.88570118,,,
AT5G66920,0,0.8866539,,,
AT5G60250,0.426831245,0.888301849,,,
AT2G27040,0,0.888762474,,,
AT2G43970,0,0.888967514,,,
AT2G45240,0,0.898371696,,,
AT5G14600,0,0.906972885,,,
AT1G04190,0.881630898,0.909054756,,,
AT5G67380,0,0.909590721,,,
AT5G27120,0.769252777,0.912277222,,,
AT2G28310,0.669482231,0.920641899,,,
AT1G63250,0.697366714,0.927332878,,,
AT5G23630,0.55842495,0.929180145,,,
AT5G06860,0,0.929686546,,,
AT4G39980,0.821287155,0.93421936,,,
AT1G22530,0.703726768,0.937889099,,,
AT5G48760,0.703598022,0.938889503,,,
AT1G71260,0,0.940507889,,,
AT5G07350,0.69726181,0.942733765,,,
AT5G20290,0.451438904,0.944828033,,,
AT3G60245,0,0.950862885,,,
AT3G02560,0,0.95096302,,,
AT3G26560,0,0.952050209,,,
AT1G12770,0,0.96087265,,,
AT2G27710,0.543071747,0.960988998,,,
AT1G74560,0.66330719,0.963512421,,,
AT2G03820,0.685640335,0.964645386,,,
AT5G51660,0.672575951,0.964943886,,,
AT4G25630,0.729789734,0.966274261,,,
AT1G76160,0,0.966312408,,,
AT3G12670,0,0.967785835,,,
AT2G32060,0,0.970582962,,,
AT5G42950,0.560951233,0.977081299,,,
AT5G44320,0.557065964,0.977472305,,,
AT5G57560,0,0.978999138,,,
AT5G61780,0.630338669,0.992824554,,,
AT2G18700,0.918841362,0.99939537,,,
AT1G15930,0.480104446,1.004341125,,,
AT1G43860,0.569577217,1.006471634,,,
AT5G49160,0,1.008364677,,,
AT5G16130,0.589897156,1.026054382,,,
AT3G12270,0.775745392,1.028583527,,,
AT2G24050,0.625102043,1.036305428,,,
AT4G36130,0.721712112,1.043008804,,,
AT3G23890,0,1.044780731,,,
AT4G21270,0,1.05310154,,,
AT2G40360,0.679201126,1.055089951,,,
AT1G03230,0,1.055553436,,,
AT5G55050,1.480565071,1.055582047,,,
AT1G77940,0.693943024,1.056663513,,,
AT4G05520,0,1.058318138,,,
AT2G37410,0.666968346,1.063843727,,,
AT1G72150,1.013916969,1.067670822,,,
AT3G60500,0.729370117,1.067736626,,,
AT1G65030,0.471057892,1.070732117,,,
AT4G39520,0.526134491,1.071423531,,,
AT5G33300,0,1.071798325,,,
AT5G03850,0,1.073953629,,,
AT5G25460,1.413066864,1.075666428,,,
AT4G10790,0,1.079751968,,,
AT1G48630,0.554914474,1.086278915,,,
AT5G52470,0,1.08795929,,,
AT5G35910,0.79190731,1.106483459,,,
AT3G07090,0,1.121062279,,,
AT3G16760,0,1.122947693,,,
AT5G60670,0.921289444,1.133796692,,,
AT4G11240,0.846916199,1.134880066,,,
AT4G38710,0,1.144956589,,,
AT1G29940,0.647938728,1.146834373,,,
AT5G64420,0.914181709,1.150995255,,,
AT1G69770,1.120026588,1.156723022,,,
AT5G62440,0,1.158409119,,,
AT5G13200,0,1.161014557,,,
AT4G23540,0,1.166071892,,,
AT3G59540,0.638487816,1.16746521,,,
AT3G16840,1.216145515,1.171642303,,,
AT3G14600,0.941563606,1.180729866,,,
AT4G20860,0,1.182925224,,,
AT5G57120,0,1.183094025,,,
AT3G18130,0.92906189,1.192400932,,,
AT4G07410,0.763384819,1.197634697,,,
AT3G21540,0.923128128,1.198033333,,,
AT4G34670,0.690483093,1.206054688,,,
AT4G25530,0.991156578,1.209766388,,,
AT5G15550,1.005754471,1.225782394,,,
AT4G25900,0,1.242663383,,,
AT5G50310,0.579510689,1.260391235,,,
AT3G23920,0,1.261466026,,,
AT1G03220,0.614833832,1.268264771,,,
AT3G13750,0,1.26841259,,,
AT1G48920,0.811653137,1.279151917,,,
AT5G49510,0,1.279642105,,,
AT3G16780,0.612956047,1.285470963,,,
AT3G01540,0.733243942,1.286724091,,,
AT5G60990,0,1.287713051,,,
AT4G01290,0,1.288618088,,,
AT2G45730,0,1.294545174,,,
AT5G40780,1.628175735,1.299418449,,,
AT1G50240,0,1.312108994,,,
AT3G62240,0.895531654,1.338190079,,,
AT4G30280,0.759256363,1.346861839,,,
AT1G06720,1.062825203,1.351063728,,,
AT5G17270,0.875798225,1.354291916,,,
AT3G12210,1.360543251,1.359851837,,,
AT1G72750,0.942225456,1.363501549,,,
AT4G32720,0.890136719,1.363538742,,,
AT3G13330,0,1.364210129,,,
AT4G10480,1.162743568,1.369599342,,,
AT4G05410,1.026514053,1.372558594,,,
AT5G51300,0,1.372848511,,,
AT3G57550,1.139316559,1.377181053,,,
AT2G47250,0,1.385493279,,,
AT5G21160,0.875999451,1.396278381,,,
AT1G42440,1.148141861,1.409396172,,,
AT2G37250,1.883972168,1.417439461,,,
AT1G63810,0.904493332,1.422505379,,,
AT2G20280,0,1.428963661,,,
AT5G16750,1.24520874,1.432756424,,,
AT4G34910,0.857804298,1.440852165,,,
AT5G65110,0,1.442946434,,,
AT1G21080,1.652831078,1.467605591,,,
AT4G04940,0,1.47796917,,,
AT2G01610,1.273450851,1.486124039,,,
AT5G06110,0.746946335,1.486774445,,,
AT5G20230,0,1.4923172,,,
AT4G18905,0.730874062,1.494499207,,,
AT3G11964,1.010028839,1.498275757,,,
AT5G60790,1.12008667,1.500836372,,,
AT5G66540,1.227712631,1.503399849,,,
AT3G19130,1.081293106,1.506136894,,,
AT2G24500,1.169692039,1.511221886,,,
AT2G38010,0,1.512227058,,,
AT5G48600,0,1.517878532,,,
AT2G05920,0,1.523059845,,,
AT5G40200,0,1.542797089,,,
AT1G36180,0.577219009,1.551938057,,,
AT5G20600,0,1.55202198,,,
AT2G18900,1.191420555,1.558879852,,,
AT5G67240,0,1.561713219,,,
AT5G54160,1.119446754,1.565747261,,,
AT1G10490,0,1.568828583,,,
AT4G15420,0,1.571410179,,,
AT1G67120,1.018012047,1.578538895,,,
AT1G49600,1.008523941,1.583493233,,,
AT3G28200,0,1.602586746,,,
AT2G16660,1.788523674,1.608833313,,,
AT1G17690,1.394445419,1.613352776,,,
AT1G66260,0.787955284,1.628359795,,,
AT5G38720,0.990980148,1.629364967,,,
AT3G01160,0.948087692,1.636545181,,,
AT3G05130,1.273182869,1.644202232,,,
AT1G28060,0,1.645360947,,,
AT5G61330,1.162612915,1.649326324,,,
AT1G15440,1.480090141,1.651200294,,,
AT1G72440,0,1.658819199,,,
AT5G30495,0.933711052,1.671880722,,,
AT3G56990,1.120739937,1.685874939,,,
AT3G57660,1.471278191,1.693011284,,,
AT2G04230,1.67532444,1.705265999,,,
AT1G30690,1.287212372,1.706605911,,,
AT3G22990,1.569755554,1.707631111,,,
AT1G60850,1.15753746,1.711017609,,,
AT5G05450,1.232475281,1.721621513,,,
AT4G15570,0,1.741259575,,,
AT2G28600,1.071162224,1.754183769,,,
AT3G12860,1.31000042,1.761336327,,,
AT2G29440,2.258126259,1.76193428,,,
AT1G31970,1.32582283,1.77072525,,,
AT5G14520,1.345247269,1.77132225,,,
AT4G36360,1.129151344,1.783091545,,,
AT5G25800,1.405674934,1.801831245,,,
AT1G23280,1.172112465,1.803091049,,,
AT5G51590,2.212338448,1.817538261,,,
AT1G77840,0,1.846220016,,,
AT1G25260,1.062023163,1.857309341,,,
AT3G49990,1.394387245,1.860246658,,,
AT2G27840,1.432667732,1.863389015,,,
AT4G30990,1.079943657,1.872355461,,,
AT5G55920,1.55933857,1.873526573,,,
AT3G02220,1.690672874,1.878443718,,,
AT4G34260,0,1.88035202,,,
AT3G06530,1.528548241,1.886715889,,,
AT1G33520,0,1.890341759,,,
AT3G22660,0,1.890591621,,,
AT2G17250,1.611274719,1.908267021,,,
AT5G52820,0.804375648,1.914744377,,,
AT1G15420,1.615005493,1.915314674,,,
AT4G19610,0,1.920903206,,,
AT5G15750,1.058664322,1.92570591,,,
AT1G69070,0.927652359,1.938025475,,,
AT2G19670,1.215920448,2.00009346,,,
AT3G11450,0.482654572,2.007860184,,,
AT5G52380,0,2.011173248,,,
AT1G71697,1.91319561,2.055498123,,,
AT1G36730,1.142841339,2.062469482,,,
AT1G64390,3.082694054,2.089834213,,,
AT5G08420,0,2.102241516,,,
AT3G16810,1.663286209,2.145655632,,,
AT1G06670,1.38156414,2.18176651,,,
AT1G66400,0,2.184269905,,,
AT2G21440,1.004021645,2.206933975,,,
AT3G10530,1.373856544,2.212048531,,,
AT5G63810,0,2.212739944,,,
AT1G52930,1.407460213,2.227198601,,,
AT2G44860,1.386526108,2.266322136,,,
AT5G61020,1.754678726,2.275421143,,,
AT4G15770,1.001224518,2.279530525,,,
AT2G37990,0,2.308815002,,,
AT3G27400,2.156229019,2.32138443,,,
AT3G58660,1.360993385,2.352667809,,,
AT4G23800,0,2.356102943,,,
AT3G57940,1.73193264,2.357739449,,,
AT2G18740,0,2.380093575,,,
AT1G80750,1.875106812,2.390517235,,,
AT5G27330,1.985774994,2.424466133,,,
AT4G37090,1.599668503,2.444042206,,,
AT5G22100,1.268032074,2.465798378,,,
AT5G20250,0,2.501379967,,,
AT2G32590,0,2.501457214,,,
AT3G09720,1.37424469,2.527647018,,,
AT5G54910,1.477631569,2.54131794,,,
AT3G07050,1.755512238,2.550765991,,,
AT5G04600,1.194812775,2.564356804,,,
AT4G25730,2.007809639,2.575141907,,,
AT3G57000,0.903490067,2.595415115,,,
AT3G54260,1.200570107,2.609888077,,,
AT4G28200,2.030292511,2.622591972,,,
AT1G30880,1.983890533,2.645841599,,,
AT1G29320,1.403676033,2.665058136,,,
AT3G22310,2.453009605,2.669068336,,,
AT3G18490,1.757104874,2.690320969,,,
AT1G79150,1.445170403,2.774543762,,,
AT5G45280,0,2.781086922,,,
AT2G31410,1.756232262,2.806417465,,,
AT5G62190,1.859838486,2.863607407,,,
AT1G77030,0,2.90002346,,,
AT1G50920,2.264568329,2.968860626,,,
AT1G30820,0,3.007660866,,,
AT2G40430,2.214999199,3.113063812,,,
AT4G24780,1.881781578,3.168579102,,,
AT3G14890,3.36782074,3.20663166,,,
AT1G68560,0.922826767,3.240384102,,,
AT1G52980,1.962543488,3.243397713,,,
AT3G23620,2.215418816,3.253806114,,,
AT5G51840,1.972680092,3.579156876,,,
AT5G06360,3.207392693,4.001580238,,,
